{
    "name": "root",
    "gauges": {
        "GolfAgent.Policy.Entropy.mean": {
            "value": 1.342194676399231,
            "min": 1.342194676399231,
            "max": 1.4200643301010132,
            "count": 10
        },
        "GolfAgent.Policy.Entropy.sum": {
            "value": 67109.734375,
            "min": 67109.734375,
            "max": 71031.6171875,
            "count": 10
        },
        "GolfAgent.Environment.EpisodeLength.mean": {
            "value": 2.178639542275906,
            "min": 1.5164021164021164,
            "max": 2.2103370786516856,
            "count": 10
        },
        "GolfAgent.Environment.EpisodeLength.sum": {
            "value": 34270.0,
            "min": 30093.0,
            "max": 34426.0,
            "count": 10
        },
        "GolfAgent.Step.mean": {
            "value": 499991.0,
            "min": 49997.0,
            "max": 499991.0,
            "count": 10
        },
        "GolfAgent.Step.sum": {
            "value": 499991.0,
            "min": 49997.0,
            "max": 499991.0,
            "count": 10
        },
        "GolfAgent.Policy.ExtrinsicValueEstimate.mean": {
            "value": -0.48943355679512024,
            "min": -0.5653390288352966,
            "max": -0.4864024221897125,
            "count": 10
        },
        "GolfAgent.Policy.ExtrinsicValueEstimate.sum": {
            "value": -7698.7900390625,
            "min": -9944.3134765625,
            "max": -7634.09033203125,
            "count": 10
        },
        "GolfAgent.Environment.CumulativeReward.mean": {
            "value": -0.4996185632549269,
            "min": -0.5073877574305437,
            "max": -0.49940322884603305,
            "count": 10
        },
        "GolfAgent.Environment.CumulativeReward.sum": {
            "value": -7859.0,
            "min": -9933.0,
            "max": -7788.0,
            "count": 10
        },
        "GolfAgent.Policy.ExtrinsicReward.mean": {
            "value": -0.4996185632549269,
            "min": -0.5073877574305437,
            "max": -0.49940322884603305,
            "count": 10
        },
        "GolfAgent.Policy.ExtrinsicReward.sum": {
            "value": -7859.0,
            "min": -9933.0,
            "max": -7788.0,
            "count": 10
        },
        "GolfAgent.Losses.PolicyLoss.mean": {
            "value": 0.02533328562354048,
            "min": 0.021738404780626296,
            "max": 0.02533328562354048,
            "count": 10
        },
        "GolfAgent.Losses.PolicyLoss.sum": {
            "value": 0.1266664281177024,
            "min": 0.08757543225462237,
            "max": 0.1266664281177024,
            "count": 10
        },
        "GolfAgent.Losses.ValueLoss.mean": {
            "value": 0.00536169749374191,
            "min": 0.0025618307058660624,
            "max": 0.01231348744671171,
            "count": 10
        },
        "GolfAgent.Losses.ValueLoss.sum": {
            "value": 0.02680848746870955,
            "min": 0.012809153529330312,
            "max": 0.04925394978684684,
            "count": 10
        },
        "GolfAgent.Policy.LearningRate.mean": {
            "value": 1.725777424744001e-05,
            "min": 1.725777424744001e-05,
            "max": 0.00028462815512395,
            "count": 10
        },
        "GolfAgent.Policy.LearningRate.sum": {
            "value": 8.628887123720004e-05,
            "min": 8.628887123720004e-05,
            "max": 0.0012847782717406,
            "count": 10
        },
        "GolfAgent.Policy.Epsilon.mean": {
            "value": 0.10575255999999997,
            "min": 0.10575255999999997,
            "max": 0.19487605000000005,
            "count": 10
        },
        "GolfAgent.Policy.Epsilon.sum": {
            "value": 0.5287627999999999,
            "min": 0.4598904000000001,
            "max": 0.9282594,
            "count": 10
        },
        "GolfAgent.Policy.Beta.mean": {
            "value": 0.00029705274400000013,
            "min": 0.00029705274400000013,
            "max": 0.004744314895,
            "count": 10
        },
        "GolfAgent.Policy.Beta.sum": {
            "value": 0.0014852637200000007,
            "min": 0.0014852637200000007,
            "max": 0.02142014406,
            "count": 10
        },
        "GolfAgent.IsTraining.mean": {
            "value": 1.0,
            "min": 1.0,
            "max": 1.0,
            "count": 10
        },
        "GolfAgent.IsTraining.sum": {
            "value": 1.0,
            "min": 1.0,
            "max": 1.0,
            "count": 10
        }
    },
    "metadata": {
        "timer_format_version": "0.1.0",
        "start_time_seconds": "1654717351",
        "python_version": "3.9.7 (default, Sep 16 2021, 16:59:28) [MSC v.1916 64 bit (AMD64)]",
        "command_line_arguments": "C:\\Users\\jorda\\miniconda3\\Scripts\\mlagents-learn --run-id=Agenttest --force",
        "mlagents_version": "0.28.0",
        "mlagents_envs_version": "0.28.0",
        "communication_protocol_version": "1.5.0",
        "pytorch_version": "1.7.1+cu110",
        "numpy_version": "1.22.3",
        "end_time_seconds": "1654718936"
    },
    "total": 1585.1899053999998,
    "count": 1,
    "self": 0.008921299999883558,
    "children": {
        "run_training.setup": {
            "total": 0.03506009999999993,
            "count": 1,
            "self": 0.03506009999999993
        },
        "TrainerController.start_learning": {
            "total": 1585.145924,
            "count": 1,
            "self": 3.9673976999793013,
            "children": {
                "TrainerController._reset_env": {
                    "total": 7.1329875,
                    "count": 1,
                    "self": 7.1329875
                },
                "TrainerController.advance": {
                    "total": 1573.9776393000209,
                    "count": 142987,
                    "self": 3.311866900027553,
                    "children": {
                        "env_step": {
                            "total": 1044.840444700019,
                            "count": 142987,
                            "self": 889.8358608000242,
                            "children": {
                                "SubprocessEnvManager._take_step": {
                                    "total": 152.9713454000191,
                                    "count": 142988,
                                    "self": 4.27937040000495,
                                    "children": {
                                        "TorchPolicy.evaluate": {
                                            "total": 148.69197500001414,
                                            "count": 50006,
                                            "self": 55.59043040000918,
                                            "children": {
                                                "TorchPolicy.sample_actions": {
                                                    "total": 93.10154460000496,
                                                    "count": 50006,
                                                    "self": 93.10154460000496
                                                }
                                            }
                                        }
                                    }
                                },
                                "workers": {
                                    "total": 2.0332384999756403,
                                    "count": 142987,
                                    "self": 0.0,
                                    "children": {
                                        "worker_root": {
                                            "total": 1528.4159625999775,
                                            "count": 142987,
                                            "is_parallel": true,
                                            "self": 828.2699380999603,