{
    "name": "root",
    "metadata": {
        "timer_format_version": "0.1.0",
        "start_time_seconds": "1654739250",
        "python_version": "3.9.7 (default, Sep 16 2021, 16:59:28) [MSC v.1916 64 bit (AMD64)]",
        "command_line_arguments": "C:\\Users\\robin\\anaconda3\\Scripts\\mlagents-learn config/GolfAgent.yaml --run-id=GolfAgentTestRobin1 --resume",
        "mlagents_version": "0.28.0",
        "mlagents_envs_version": "0.28.0",
        "communication_protocol_version": "1.5.0",
        "pytorch_version": "1.7.1+cu110",
        "numpy_version": "1.20.3",
        "end_time_seconds": "1654739260"
    },
    "total": 9.518824799999999,
    "count": 1,
    "self": 0.010300799999997778,
    "children": {
        "run_training.setup": {
            "total": 0.2317958,
            "count": 1,
            "self": 0.2317958
        },
        "TrainerController.start_learning": {
            "total": 9.2767282,
            "count": 1,
            "self": 0.002201300000006512,
            "children": {
                "TrainerController._reset_env": {
                    "total": 6.900241599999999,
                    "count": 1,
                    "self": 6.900241599999999
                },
                "TrainerController.advance": {
                    "total": 2.269767199999995,
                    "count": 128,
                    "self": 0.0019062000000076296,
                    "children": {
                        "env_step": {
                            "total": 1.9837858999999831,
                            "count": 128,
                            "self": 1.1909850000000048,
                            "children": {
                                "SubprocessEnvManager._take_step": {
                                    "total": 0.7915882999999884,
                                    "count": 128,
                                    "self": 0.006000099999985409,
                                    "children": {
                                        "TorchPolicy.evaluate": {
                                            "total": 0.785588200000003,
                                            "count": 128,
                                            "self": 0.14619730000000253,
                                            "children": {
                                                "TorchPolicy.sample_actions": {
                                                    "total": 0.6393909000000004,
                                                    "count": 128,
                                                    "self": 0.6393909000000004
                                                }
                                            }
                                        }
                                    }
                                },
                                "workers": {
                                    "total": 0.001212599999989905,
                                    "count": 128,
                                    "self": 0.0,
                                    "children": {
                                        "worker_root": {
                                            "total": 3.3132378000000173,
                                            "count": 128,
                                            "is_parallel": true,
                                            "self": 2.228141900000021,
                                            "children": {
                                                "steps_from_proto": {
                                                    "total": 0.00040189999999995507,
                                                    "count": 1,
                                                    "is_parallel": true,
                                                    "self": 0.0002148000000010697,
                                                    "children": {
                                                        "_process_rank_one_or_two_observation": {
                                                            "total": 0.00018709999999888538,
                                                            "count": 4,
                                                            "is_parallel": true,
                                                            "self": 0.00018709999999888538
                                                        }
                                                    }
                                                },
                                                "UnityEnvironment.step": {
                                                    "total": 1.0846939999999963,
                                                    "count": 128,
                                                    "is_parallel": true,
                                                    "self": 0.009147500000011632,
                                                    "children": {
                                                        "UnityEnvironment._generate_step_input": {
                                                            "total": 0.007108499999993079,
                                                            "count": 128,
                                                            "is_parallel": true,
                                                            "self": 0.007108499999993079
                                                        },
                                                        "communicator.exchange": {
                                                            "total": 1.0341603999999895,
                                                            "count": 128,
                                                            "is_parallel": true,
                                                            "self": 1.0341603999999895
                                                        },
                                                        "steps_from_proto": {
                                                            "total": 0.03427760000000202,
                                                            "count": 128,
                                                            "is_parallel": true,
                                                            "self": 0.018389199999968575,
                                                            "children": {
                                                                "_process_rank_one_or_two_observation": {
                                                                    "total": 0.015888400000033442,
                                                                    "count": 512,
                                                                    "is_parallel": true,
                                                                    "self": 0.015888400000033442
                                                                }
                                                            }
                                                        }
                                                    }
                                                }
                                            }
                                        }
                                    }
                                }
                            }
                        },
                        "trainer_advance": {
                            "total": 0.28407510000000435,
                            "count": 128,
                            "self": 0.002307599999998189,
                            "children": {
                                "process_trajectory": {
                                    "total": 0.009850600000005372,
                                    "count": 128,
                                    "self": 0.009850600000005372
                                },